College Name,Course Name,Category,Rank,Percentage
"1002 Government College of Engineering, Amravati (Government Autonomous)",Civil Engineering,GSEBC,3675,88.37
"1002 Government College of Engineering, Amravati (Government Autonomous)",Civil Engineering,EWS,7341,85.13
"1002 Government College of Engineering, Amravati (Government Autonomous)",Information Technology,LSC,6068,86.13
"1002 Government College of Engineering, Amravati (Government Autonomous)",Electrical Engineering,CAP,4910,87.16
"1002 Government College of Engineering, Amravati (Government Autonomous)",Electrical Engineering,II,3289,88.79
"1002 Government College of Engineering, Amravati (Government Autonomous)",Electrical Engineering,AY,4367,87.67
"1002 Government College of Engineering, Amravati (Government Autonomous)",Electronics and Telecommunication Engg,VII,10493,83
"1002 Government College of Engineering, Amravati (Government Autonomous)",Mechanical Engineering,LSEBC,48971,52.12
"1005 Sant Gadge Baba Amravati University,Amravati (University Department)",Petro Chemical Engineering,VII,11892,82.11
"1012 Government College of Engineering,Yavatmal (Government)",Civil Engineering,CAP,6760,85.58
"1012 Government College of Engineering,Yavatmal (Government)",Civil Engineering,II,24302,75.32
"1012 Government College of Engineering,Yavatmal (Government)",Civil Engineering,AY,16189,79.58
"1012 Government College of Engineering,Yavatmal (Government)",Computer Engineering,VII,2642,89.56
"1012 Government College of Engineering,Yavatmal (Government)",Electrical Engineering,CAP,6395,85.89
"1012 Government College of Engineering,Yavatmal (Government)",Electrical Engineering,II,7856,84.74
"1012 Government College of Engineering,Yavatmal (Government)",Electrical Engineering,AY,7593,84.94
"1012 Government College of Engineering,Yavatmal (Government)",Electronics and Telecommunication Engg,VII,7914,84.71
"1012 Government College of Engineering,Yavatmal (Government)",Mechanical Engineering,CAP,19399,77.79
"1012 Government College of Engineering,Yavatmal (Government)",Mechanical Engineering,II,27270,73.85
"1012 Government College of Engineering,Yavatmal (Government)",Mechanical Engineering,AY,32986,71.13
"1101 Shri Sant Gajanan Maharaj College of Engineering,Shegaon (Un-Aided)",Information Technology,LOBC,3315,88.74
"1101 Shri Sant Gajanan Maharaj College of Engineering,Shegaon (Un-Aided)",Electronics and Telecommunication Engg,VII,10410,83.05
"1101 Shri Sant Gajanan Maharaj College of Engineering,Shegaon (Un-Aided)",Mechanical Engineering,CAP,14921,80.31
"1101 Shri Sant Gajanan Maharaj College of Engineering,Shegaon (Un-Aided)",Mechanical Engineering,II,23047,75.95
"1101 Shri Sant Gajanan Maharaj College of Engineering,Shegaon (Un-Aided)",Mechanical Engineering,AY,17503,78.87
"1105 Prof. Ram Meghe Institute of Technology & Research, Amravati (Un-Aided Autonomous)",Civil Engineering,GOPEN,17816,78.68
"1105 Prof. Ram Meghe Institute of Technology & Research, Amravati (Un-Aided Autonomous)",Civil Engineering,GST,41482,66.53
"1105 Prof. Ram Meghe Institute of Technology & Research, Amravati (Un-Aided Autonomous)",Civil Engineering,GOBC,18251,78.42
"1105 Prof. Ram Meghe Institute of Technology & Research, Amravati (Un-Aided Autonomous)",Civil Engineering,LOPEN,18753,78.16
"1105 Prof. Ram Meghe Institute of Technology & Research, Amravati (Un-Aided Autonomous)",Computer Science and Engineering,CAP,5161,86.94
"1105 Prof. Ram Meghe Institute of Technology & Research, Amravati (Un-Aided Autonomous)",Computer Science and Engineering,II,17077,79.11
"1105 Prof. Ram Meghe Institute of Technology & Research, Amravati (Un-Aided Autonomous)",Computer Science and Engineering,AY,12794,81.54
"1105 Prof. Ram Meghe Institute of Technology & Research, Amravati (Un-Aided Autonomous)",Information Technology,VII,7147,85.26
"1105 Prof. Ram Meghe Institute of Technology & Research, Amravati (Un-Aided Autonomous)",Artificial Intelligence (AI) and Data Science,CAP,8771,84.11
"1105 Prof. Ram Meghe Institute of Technology & Research, Amravati (Un-Aided Autonomous)",Artificial Intelligence (AI) and Data Science,II,8755,84.11
"1105 Prof. Ram Meghe Institute of Technology & Research, Amravati (Un-Aided Autonomous)",Artificial Intelligence (AI) and Data Science,AY,9713,83.49
"1105 Prof. Ram Meghe Institute of Technology & Research, Amravati (Un-Aided Autonomous)",Industrial IoT,VII,21297,76.8
"1105 Prof. Ram Meghe Institute of Technology & Research, Amravati (Un-Aided Autonomous)",Electronics and Telecommunication Engg,CAP,5610,86.53
"1105 Prof. Ram Meghe Institute of Technology & Research, Amravati (Un-Aided Autonomous)",Electronics and Telecommunication Engg,II,24727,75.12
"1105 Prof. Ram Meghe Institute of Technology & Research, Amravati (Un-Aided Autonomous)",Electronics and Telecommunication Engg,AY,39829,67.56
"1105 Prof. Ram Meghe Institute of Technology & Research, Amravati (Un-Aided Autonomous)",Mechanical Engineering,VII,24114,75.42
"1107 P. R. Pote (Patil) Education & Welfare Trusts Group of Institution(Integrated Campus), Amravati (Un-Aided)",Civil Engineering,CAP,16926,79.2
"1107 P. R. Pote (Patil) Education & Welfare Trusts Group of Institution(Integrated Campus), Amravati (Un-Aided)",Civil Engineering,II,24964,75
"1107 P. R. Pote (Patil) Education & Welfare Trusts Group of Institution(Integrated Campus), Amravati (Un-Aided)",Civil Engineering,AY,18800,78.11
"1107 P. R. Pote (Patil) Education & Welfare Trusts Group of Institution(Integrated Campus), Amravati (Un-Aided)",Computer Science and Engineering,GST,42082,66.11
"1107 P. R. Pote (Patil) Education & Welfare Trusts Group of Institution(Integrated Campus), Amravati (Un-Aided)",Computer Science and Engineering,GSEBC,14917,80.31
"1107 P. R. Pote (Patil) Education & Welfare Trusts Group of Institution(Integrated Campus), Amravati (Un-Aided)",Computer Science and Engineering,LOBC,8894,84
"1107 P. R. Pote (Patil) Education & Welfare Trusts Group of Institution(Integrated Campus), Amravati (Un-Aided)",Electrical Engineering,CAP,7165,85.26
"1107 P. R. Pote (Patil) Education & Welfare Trusts Group of Institution(Integrated Campus), Amravati (Un-Aided)",Electrical Engineering,II,7648,84.89
"1107 P. R. Pote (Patil) Education & Welfare Trusts Group of Institution(Integrated Campus), Amravati (Un-Aided)",Electrical Engineering,AY,9853,83.39
"1107 P. R. Pote (Patil) Education & Welfare Trusts Group of Institution(Integrated Campus), Amravati (Un-Aided)",Electronics and Telecommunication Engg,VII,8019,84.63
"1107 P. R. Pote (Patil) Education & Welfare Trusts Group of Institution(Integrated Campus), Amravati (Un-Aided)",Mechanical Engineering,CAP,30488,72.35
"1107 P. R. Pote (Patil) Education & Welfare Trusts Group of Institution(Integrated Campus), Amravati (Un-Aided)",Mechanical Engineering,II,30901,72.15
"1107 P. R. Pote (Patil) Education & Welfare Trusts Group of Institution(Integrated Campus), Amravati (Un-Aided)",Mechanical Engineering,AY,37258,68.97
"1107 P. R. Pote (Patil) Education & Welfare Trusts Group of Institution(Integrated Campus), Amravati (Un-Aided)",Artificial Intelligence and Data Science,VII,8904,84
"1114 Sipna Shikshan Prasarak Mandal College of Engineering & Technology, Amravati (Un-Aided)",Civil Engineering,CAP,17345,78.95
"1114 Sipna Shikshan Prasarak Mandal College of Engineering & Technology, Amravati (Un-Aided)",Civil Engineering,II,27057,73.95
"1114 Sipna Shikshan Prasarak Mandal College of Engineering & Technology, Amravati (Un-Aided)",Civil Engineering,AY,19089,77.95
"1114 Sipna Shikshan Prasarak Mandal College of Engineering & Technology, Amravati (Un-Aided)",Computer Science and Engineering,GOPEN,10689,82.86
"1114 Sipna Shikshan Prasarak Mandal College of Engineering & Technology, Amravati (Un-Aided)",Computer Science and Engineering,GSC,26540,74.23
"1114 Sipna Shikshan Prasarak Mandal College of Engineering & Technology, Amravati (Un-Aided)",Computer Science and Engineering,GST,45663,62.89
"1114 Sipna Shikshan Prasarak Mandal College of Engineering & Technology, Amravati (Un-Aided)",Computer Science and Engineering,GOBC,11486,82.34
"1114 Sipna Shikshan Prasarak Mandal College of Engineering & Technology, Amravati (Un-Aided)",Computer Science and Engineering,LOPEN,12124,81.94
"1114 Sipna Shikshan Prasarak Mandal College of Engineering & Technology, Amravati (Un-Aided)",Computer Science and Engineering,LSC,21999,76.46
"1114 Sipna Shikshan Prasarak Mandal College of Engineering & Technology, Amravati (Un-Aided)",Computer Science and Engineering,LOBC,13072,81.37
"1114 Sipna Shikshan Prasarak Mandal College of Engineering & Technology, Amravati (Un-Aided)",Computer Science and Engineering,EWS,21568,76.68
"1114 Sipna Shikshan Prasarak Mandal College of Engineering & Technology, Amravati (Un-Aided)",Information Technology,CAP,27936,73.56
"1114 Sipna Shikshan Prasarak Mandal College of Engineering & Technology, Amravati (Un-Aided)",Information Technology,II,26357,74.31
"1114 Sipna Shikshan Prasarak Mandal College of Engineering & Technology, Amravati (Un-Aided)",Information Technology,AY,13357,81.2
"1114 Sipna Shikshan Prasarak Mandal College of Engineering & Technology, Amravati (Un-Aided)",Electronics and Telecommunication Engg,VII,19340,77.83
"1114 Sipna Shikshan Prasarak Mandal College of Engineering & Technology, Amravati (Un-Aided)",Mechanical Engineering,CAP,30094,72.56
"1114 Sipna Shikshan Prasarak Mandal College of Engineering & Technology, Amravati (Un-Aided)",Mechanical Engineering,II,32360,71.44
"1114 Sipna Shikshan Prasarak Mandal College of Engineering & Technology, Amravati (Un-Aided)",Mechanical Engineering,AY,33082,71.08
"1116 Shri Shivaji Education Societys College of Engineering and Technology, Akola (Un-Aided)",Civil Engineering,II,27414,73.79
"1116 Shri Shivaji Education Societys College of Engineering and Technology, Akola (Un-Aided)",Computer Science and Engineering,CAP,23057,75.94
"1116 Shri Shivaji Education Societys College of Engineering and Technology, Akola (Un-Aided)",Computer Science and Engineering,II,38212,68.46
"1116 Shri Shivaji Education Societys College of Engineering and Technology, Akola (Un-Aided)",Computer Science and Engineering,AY,43793,64.8
"1116 Shri Shivaji Education Societys College of Engineering and Technology, Akola (Un-Aided)",Chemical Engineering,VII,45359,63.26
"1116 Shri Shivaji Education Societys College of Engineering and Technology, Akola (Un-Aided)",Civil Engineering,GOPEN,26738,74.11
"1116 Shri Shivaji Education Societys College of Engineering and Technology, Akola (Un-Aided)",Computer Science and Engineering,CAP,26543,74.23
"1116 Shri Shivaji Education Societys College of Engineering and Technology, Akola (Un-Aided)",Computer Science and Engineering,II,33673,70.79
"1116 Shri Shivaji Education Societys College of Engineering and Technology, Akola (Un-Aided)",Computer Science and Engineering,AY,29770,72.71
"1116 Shri Shivaji Education Societys College of Engineering and Technology, Akola (Un-Aided)",Electrical Engg[Electronics and Power],VII,42998,65.44
"1116 Shri Shivaji Education Societys College of Engineering and Technology, Akola (Un-Aided)",Artificial Intelligence and Data Science,CAP,35731,69.77
"1116 Shri Shivaji Education Societys College of Engineering and Technology, Akola (Un-Aided)",Artificial Intelligence and Data Science,II,36760,69.26
"1116 Shri Shivaji Education Societys College of Engineering and Technology, Akola (Un-Aided)",Artificial Intelligence and Data Science,AY,39973,67.49
"1119 Paramhansa Ramkrishna Maunibaba Shikshan Santhas , Anuradha Engineering College, Chikhali (Un-Aided)",Computer Science and Engineering,VII,28368,73.37
"1119 Paramhansa Ramkrishna Maunibaba Shikshan Santhas , Anuradha Engineering College, Chikhali (Un-Aided)",Information Technology,CAP,35459,69.89
"1119 Paramhansa Ramkrishna Maunibaba Shikshan Santhas , Anuradha Engineering College, Chikhali (Un-Aided)",Information Technology,II,32731,71.26
"1119 Paramhansa Ramkrishna Maunibaba Shikshan Santhas , Anuradha Engineering College, Chikhali (Un-Aided)",Information Technology,AY,31411,71.89
"1119 Paramhansa Ramkrishna Maunibaba Shikshan Santhas , Anuradha Engineering College, Chikhali (Un-Aided)",Electronics and Telecommunication Engg,VII,43406,65.14
"1120 Jawaharlal Darda Institute of Engineering and Technology, Yavatmal (Un-Aided Linguistic Minority - Hindi)",Civil Engineering,GOPEN,48075,58.42
"1120 Jawaharlal Darda Institute of Engineering and Technology, Yavatmal (Un-Aided Linguistic Minority - Hindi)",Electrical Engineering,MI,28421,73.33
